arch,dtype,K,V,BT,H,Hg,T_flat,N,head_seqlen,mid_seqlen,tail_seqlen,use_g,use_gk,use_h0,store_fs,save_vn,is_varlen,wu_contig,BV,duration
gfx950,torch.bfloat16,128,128,64,32,16,5000,1,5000,0,0,True,False,True,True,True,True,True,16,129.7078
gfx950,torch.bfloat16,128,128,64,32,16,1000,1,1000,0,0,True,False,True,True,True,True,True,16,30.9338
gfx950,torch.bfloat16,128,128,64,32,16,15000,3,5000,5000,5000,True,False,True,True,True,True,True,64,278.8136
gfx950,torch.bfloat16,128,128,64,32,16,10000,1,10000,0,0,True,False,True,True,True,True,True,16,353.3305
gfx950,torch.bfloat16,128,128,64,32,16,7000,7,1000,1000,1000,True,False,True,True,True,True,True,64,102.0178
gfx950,torch.bfloat16,128,128,64,32,16,20000,20,1000,1000,1000,True,False,True,True,True,True,True,64,269.6711
gfx950,torch.bfloat16,128,128,64,32,16,30000,3,10000,10000,10000,True,False,True,True,True,True,True,64,544.5409
gfx950,torch.bfloat16,128,128,64,32,16,10000,2,5000,0,5000,True,False,True,True,True,True,True,32,230.1211
gfx950,torch.bfloat16,128,128,64,32,16,3000,3,1000,1000,1000,True,False,True,True,True,True,True,64,53.1052
gfx950,torch.bfloat16,128,128,64,32,16,20000,2,10000,0,10000,True,False,True,True,True,True,True,32,450.8109
gfx950,torch.bfloat16,128,128,64,32,16,32767,4,10000,10000,2767,True,False,True,True,True,True,True,64,549.7977
gfx950,torch.bfloat16,128,128,64,32,16,32764,4,7233,10000,5531,True,False,True,True,True,True,True,64,547.6081
gfx950,torch.bfloat16,128,128,64,32,16,30000,6,5000,5000,5000,True,False,True,True,True,True,True,64,426.1722
gfx950,torch.bfloat16,128,128,64,32,16,32764,7,5000,5000,2764,True,False,True,True,True,True,True,64,432.0051
gfx950,torch.bfloat16,128,128,64,32,16,32764,4,10000,10000,2764,True,False,True,True,True,True,True,64,549.7073
gfx950,torch.bfloat16,128,128,64,32,16,4469,1,4469,0,0,True,False,True,True,True,True,True,16,115.7004
gfx950,torch.bfloat16,128,128,64,32,16,32767,7,5000,5000,2767,True,False,True,True,True,True,True,64,433.8731
gfx950,torch.bfloat16,128,128,64,32,16,32761,7,5000,5000,2761,True,False,True,True,True,True,True,64,432.2755
gfx950,torch.bfloat16,128,128,64,32,16,27236,6,2236,5000,5000,True,False,True,True,True,True,True,64,414.9257
gfx950,torch.bfloat16,128,128,64,32,16,10000,10,1000,1000,1000,True,False,True,True,True,True,True,64,169.1986
gfx950,torch.bfloat16,128,128,64,32,16,32763,4,10000,10000,2763,True,False,True,True,True,True,True,64,549.6601
gfx950,torch.bfloat16,128,128,64,32,16,32760,4,7237,10000,5523,True,False,True,True,True,True,True,64,546.7433
gfx950,torch.bfloat16,128,128,64,32,16,32757,4,4477,10000,8280,True,False,True,True,True,True,True,64,547.5297
gfx950,torch.bfloat16,128,128,64,32,16,11720,2,1720,0,10000,True,False,True,True,True,True,True,16,382.7701
gfx950,torch.bfloat16,128,128,64,32,16,32758,4,10000,10000,2758,True,False,True,True,True,True,True,64,548.3729
gfx950,torch.bfloat16,128,128,64,32,16,32755,4,7242,10000,5513,True,False,True,True,True,True,True,64,546.6881
gfx950,torch.bfloat16,128,128,64,32,16,32752,4,4487,10000,8265,True,False,True,True,True,True,True,64,546.5377
gfx950,torch.bfloat16,128,128,64,32,16,2233,1,2233,0,0,True,False,True,True,True,True,True,16,60.8126
gfx950,torch.bfloat16,128,128,64,32,16,12239,3,2239,5000,5000,True,False,True,True,True,True,True,64,268.7663
gfx950,torch.bfloat16,128,128,64,32,16,32759,7,5000,5000,2759,True,False,True,True,True,True,True,64,432.7003
gfx950,torch.bfloat16,128,128,64,32,16,11000,11,1000,1000,1000,True,False,True,True,True,True,True,64,175.1315
gfx950,torch.bfloat16,128,128,64,32,16,7236,1,7236,0,0,True,False,True,True,True,True,True,16,269.8872
gfx950,torch.bfloat16,128,128,64,32,16,32761,4,7236,10000,5525,True,False,True,True,True,True,True,64,546.3425
gfx950,torch.bfloat16,128,128,64,32,16,32758,4,4475,10000,8283,True,False,True,True,True,True,True,64,546.9161
gfx950,torch.bfloat16,128,128,64,32,16,32749,5,1735,10000,1014,True,False,True,True,True,True,True,64,549.8689
gfx950,torch.bfloat16,128,128,64,32,16,32745,4,8986,10000,3759,True,False,True,True,True,True,True,64,548.7673
gfx950,torch.bfloat16,128,128,64,32,16,32742,4,6241,10000,6501,True,False,True,True,True,True,True,64,547.1305
gfx950,torch.bfloat16,128,128,64,32,16,23499,3,3499,10000,10000,True,False,True,True,True,True,True,32,512.9493
gfx950,torch.bfloat16,128,128,64,32,16,32763,7,5000,5000,2763,True,False,True,True,True,True,True,64,432.7243
gfx950,torch.bfloat16,128,128,64,32,16,32757,8,2237,5000,520,True,False,True,True,True,True,True,64,434.0244
gfx950,torch.bfloat16,128,128,64,32,16,32750,7,4480,5000,3270,True,False,True,True,True,True,True,64,431.1179
gfx950,torch.bfloat16,128,128,64,32,16,32744,8,1730,5000,1014,True,False,True,True,True,True,True,64,433.9580
gfx950,torch.bfloat16,128,128,64,32,16,32758,8,2236,5000,522,True,False,True,True,True,True,True,64,433.4187
gfx950,torch.bfloat16,128,128,64,32,16,32751,7,4478,5000,3273,True,False,True,True,True,True,True,64,432.1419
gfx950,torch.bfloat16,128,128,64,32,16,32745,8,1727,5000,1018,True,False,True,True,True,True,True,64,432.4348
gfx950,torch.bfloat16,128,128,64,32,16,32753,8,2241,5000,512,True,False,True,True,True,True,True,64,433.4603
gfx950,torch.bfloat16,128,128,64,32,16,32746,7,4488,5000,3258,True,False,True,True,True,True,True,64,430.8555
gfx950,torch.bfloat16,128,128,64,32,16,32740,8,1742,5000,998,True,False,True,True,True,True,True,64,433.1211
gfx950,torch.bfloat16,128,128,64,32,16,32733,7,4002,5000,3731,True,False,True,True,True,True,True,64,430.0603
gfx950,torch.bfloat16,128,128,64,32,16,32727,8,1269,5000,1458,True,False,True,True,True,True,True,64,433.2899
gfx950,torch.bfloat16,128,128,64,32,16,32720,7,3542,5000,4178,True,False,True,True,True,True,True,64,432.5411
gfx950,torch.bfloat16,128,128,64,32,16,32714,8,822,5000,1892,True,False,True,True,True,True,True,64,432.7883
gfx950,torch.bfloat16,128,128,64,32,16,13108,3,3108,5000,5000,True,False,True,True,True,True,True,64,272.7919
gfx950,torch.bfloat16,128,128,64,32,16,12000,12,1000,1000,1000,True,False,True,True,True,True,True,64,179.6948
gfx950,torch.bfloat16,128,128,64,32,16,9000,9,1000,1000,1000,True,False,True,True,True,True,True,64,153.2423
gfx950,torch.bfloat16,128,128,64,32,16,32755,33,1000,1000,755,True,False,True,True,True,True,True,64,415.9001
gfx950,torch.bfloat16,128,128,64,32,16,18245,19,245,1000,1000,True,False,True,True,True,True,True,64,260.6670
gfx950,torch.bfloat16,128,128,64,32,16,32000,32,1000,1000,1000,True,False,True,True,True,True,True,64,392.5489
gfx950,torch.bfloat16,128,128,64,32,16,18000,18,1000,1000,1000,True,False,True,True,True,True,True,64,258.8926
gfx950,torch.bfloat16,128,128,64,32,16,6000,6,1000,1000,1000,True,False,True,True,True,True,True,64,95.8217
gfx950,torch.bfloat16,128,128,64,32,16,21000,21,1000,1000,1000,True,False,True,True,True,True,True,64,275.9392
gfx950,torch.bfloat16,128,128,64,32,16,32761,4,4469,10000,8292,True,False,True,True,True,True,True,64,546.9289
gfx950,torch.bfloat16,128,128,64,32,16,32758,5,1708,10000,1050,True,False,True,True,True,True,True,64,550.5882
gfx950,torch.bfloat16,128,128,64,32,16,32766,4,10000,10000,2766,True,False,True,True,True,True,True,64,548.7713
gfx950,torch.bfloat16,128,128,64,32,16,32763,4,7234,10000,5529,True,False,True,True,True,True,True,64,546.3312
gfx950,torch.bfloat16,128,128,64,32,16,32760,4,4471,10000,8289,True,False,True,True,True,True,True,64,546.7945
gfx950,torch.bfloat16,128,128,64,32,16,32757,5,1711,10000,1046,True,False,True,True,True,True,True,64,550.2882
gfx950,torch.bfloat16,128,128,64,32,16,32727,4,10000,10000,2727,True,False,True,True,True,True,True,64,550.5978
gfx950,torch.bfloat16,128,128,64,32,16,32736,4,10000,10000,2736,True,False,True,True,True,True,True,64,548.6058
gfx950,torch.bfloat16,128,128,64,32,16,32761,8,2233,5000,528,True,False,True,True,True,True,True,64,434.9947
gfx950,torch.bfloat16,128,128,64,32,16,9472,2,4472,0,5000,True,False,True,True,True,True,True,32,225.5210
gfx950,torch.bfloat16,128,128,64,32,16,20000,4,5000,5000,5000,True,False,True,True,True,True,True,64,288.5737
gfx950,torch.bfloat16,128,128,64,32,16,3986,1,3986,0,0,True,False,True,True,True,True,True,16,104.7771
gfx950,torch.bfloat16,128,128,64,32,16,8982,2,3982,0,5000,True,False,True,True,True,True,True,32,223.1146
gfx950,torch.bfloat16,128,128,64,32,16,32760,7,5000,5000,2760,True,False,True,True,True,True,True,64,432.2843
gfx950,torch.bfloat16,128,128,64,32,16,32754,8,2240,5000,514,True,False,True,True,True,True,True,64,433.2299
gfx950,torch.bfloat16,128,128,64,32,16,32747,7,4486,5000,3261,True,False,True,True,True,True,True,64,430.5499
gfx950,torch.bfloat16,128,128,64,32,16,21739,5,1739,5000,5000,True,False,True,True,True,True,True,64,330.2342
gfx950,torch.bfloat16,128,128,64,32,16,32754,7,5000,5000,2754,True,False,True,True,True,True,True,64,432.6003
gfx950,torch.bfloat16,128,128,64,32,16,32748,8,2246,5000,502,True,False,True,True,True,True,True,64,432.1835
gfx950,torch.bfloat16,128,128,64,32,16,24498,5,4498,5000,5000,True,False,True,True,True,True,True,64,397.2879
gfx950,torch.bfloat16,128,128,64,32,16,22241,5,2241,5000,5000,True,False,True,True,True,True,True,64,341.4888
gfx950,torch.bfloat16,128,128,64,32,16,32748,7,5000,5000,2748,True,False,True,True,True,True,True,64,431.1227
gfx950,torch.bfloat16,128,128,64,32,16,27252,6,2252,5000,5000,True,False,True,True,True,True,True,64,416.2537
gfx950,torch.bfloat16,128,128,64,32,16,32758,7,5000,5000,2758,True,False,True,True,True,True,True,64,433.2707
gfx950,torch.bfloat16,128,128,64,32,16,32752,8,2242,5000,510,True,False,True,True,True,True,True,64,433.0588
gfx950,torch.bfloat16,128,128,64,32,16,32745,7,4490,5000,3255,True,False,True,True,True,True,True,64,431.4499
gfx950,torch.bfloat16,128,128,64,32,16,11745,3,1745,5000,5000,True,False,True,True,True,True,True,32,260.2318
gfx950,torch.bfloat16,128,128,64,32,16,32757,7,5000,5000,2757,True,False,True,True,True,True,True,64,431.9508
gfx950,torch.bfloat16,128,128,64,32,16,32751,8,2243,5000,508,True,False,True,True,True,True,True,64,435.1676
gfx950,torch.bfloat16,128,128,64,32,16,32744,7,4492,5000,3252,True,False,True,True,True,True,True,64,430.4107
gfx950,torch.bfloat16,128,128,64,32,16,6748,2,1748,0,5000,True,False,True,True,True,True,True,32,209.2456
gfx950,torch.bfloat16,128,128,64,32,16,32751,7,5000,5000,2751,True,False,True,True,True,True,True,64,432.1243
gfx950,torch.bfloat16,128,128,64,32,16,32745,8,2249,5000,496,True,False,True,True,True,True,True,64,432.7563
gfx950,torch.bfloat16,128,128,64,32,16,9504,2,4504,0,5000,True,False,True,True,True,True,True,32,227.7290
gfx950,torch.bfloat16,128,128,64,32,16,32755,8,2239,5000,516,True,False,True,True,True,True,True,64,434.1804
gfx950,torch.bfloat16,128,128,64,32,16,32748,7,4484,5000,3264,True,False,True,True,True,True,True,64,430.9475
gfx950,torch.bfloat16,128,128,64,32,16,32742,8,1736,5000,1006,True,False,True,True,True,True,True,64,434.1059
gfx950,torch.bfloat16,128,128,64,32,16,32735,7,3994,5000,3741,True,False,True,True,True,True,True,64,429.8074
gfx950,torch.bfloat16,128,128,64,32,16,32729,8,1259,5000,1470,True,False,True,True,True,True,True,64,432.1659
gfx950,torch.bfloat16,128,128,64,32,16,32722,7,3530,5000,4192,True,False,True,True,True,True,True,64,430.4043
gfx950,torch.bfloat16,128,128,64,32,16,32716,8,808,5000,1908,True,False,True,True,True,True,True,64,431.2722
gfx950,torch.bfloat16,128,128,64,32,16,23092,5,3092,5000,5000,True,False,True,True,True,True,True,64,362.0746
gfx950,torch.bfloat16,128,128,64,32,16,32765,7,5000,5000,2765,True,False,True,True,True,True,True,64,432.6379
gfx950,torch.bfloat16,128,128,64,32,16,32759,8,2235,5000,524,True,False,True,True,True,True,True,64,435.4346
gfx950,torch.bfloat16,128,128,64,32,16,32752,7,4476,5000,3276,True,False,True,True,True,True,True,64,432.8979
gfx950,torch.bfloat16,128,128,64,32,16,32746,8,1724,5000,1022,True,False,True,True,True,True,True,64,432.2443
gfx950,torch.bfloat16,128,128,64,32,16,32739,7,3978,5000,3761,True,False,True,True,True,True,True,64,429.7779
gfx950,torch.bfloat16,128,128,64,32,16,32733,8,1239,5000,1494,True,False,True,True,True,True,True,64,432.6875
gfx950,torch.bfloat16,128,128,64,32,16,32726,7,3506,5000,4220,True,False,True,True,True,True,True,64,428.9547
gfx950,torch.bfloat16,128,128,64,32,16,32720,8,780,5000,1940,True,False,True,True,True,True,True,64,432.4003
gfx950,torch.bfloat16,128,128,64,32,16,32713,7,3060,5000,4653,True,False,True,True,True,True,True,64,430.5171
gfx950,torch.bfloat16,128,128,64,32,16,10347,3,347,5000,5000,True,False,True,True,True,True,True,32,236.6115
gfx950,torch.bfloat16,128,128,64,32,16,32738,7,3982,5000,3756,True,False,True,True,True,True,True,64,431.4499
gfx950,torch.bfloat16,128,128,64,32,16,32732,8,1244,5000,1488,True,False,True,True,True,True,True,64,431.2899
gfx950,torch.bfloat16,128,128,64,32,16,32725,7,3512,5000,4213,True,False,True,True,True,True,True,64,430.1299
gfx950,torch.bfloat16,128,128,64,32,16,32719,8,787,5000,1932,True,False,True,True,True,True,True,64,433.6747
gfx950,torch.bfloat16,128,128,64,32,16,32712,7,3068,5000,4644,True,False,True,True,True,True,True,64,430.3459
gfx950,torch.bfloat16,128,128,64,32,16,5356,2,356,0,5000,True,False,True,True,True,True,True,16,138.7103
gfx950,torch.bfloat16,128,128,64,32,16,32737,7,3986,5000,3751,True,False,True,True,True,True,True,64,431.1699
gfx950,torch.bfloat16,128,128,64,32,16,32731,8,1249,5000,1482,True,False,True,True,True,True,True,64,432.3379
gfx950,torch.bfloat16,128,128,64,32,16,32724,7,3518,5000,4206,True,False,True,True,True,True,True,64,430.9131
gfx950,torch.bfloat16,128,128,64,32,16,32718,8,794,5000,1924,True,False,True,True,True,True,True,64,433.4107
gfx950,torch.bfloat16,128,128,64,32,16,32711,7,3076,5000,4635,True,False,True,True,True,True,True,64,430.8875
gfx950,torch.bfloat16,128,128,64,32,16,365,1,365,0,0,True,False,True,True,True,True,True,16,14.5248
gfx950,torch.bfloat16,128,128,64,32,16,32762,7,5000,5000,2762,True,False,True,True,True,True,True,64,432.1347
gfx950,torch.bfloat16,128,128,64,32,16,32756,8,2238,5000,518,True,False,True,True,True,True,True,64,433.7555
gfx950,torch.bfloat16,128,128,64,32,16,32749,7,4482,5000,3267,True,False,True,True,True,True,True,64,432.3443
gfx950,torch.bfloat16,128,128,64,32,16,32743,8,1733,5000,1010,True,False,True,True,True,True,True,64,431.8618
gfx950,torch.bfloat16,128,128,64,32,16,32736,7,3990,5000,3746,True,False,True,True,True,True,True,64,431.2635
gfx950,torch.bfloat16,128,128,64,32,16,32730,8,1254,5000,1476,True,False,True,True,True,True,True,64,433.6771
gfx950,torch.bfloat16,128,128,64,32,16,32723,7,3524,5000,4199,True,False,True,True,True,True,True,64,429.5595
gfx950,torch.bfloat16,128,128,64,32,16,32717,8,801,5000,1916,True,False,True,True,True,True,True,64,431.9131
gfx950,torch.bfloat16,128,128,64,32,16,28084,6,3084,5000,5000,True,False,True,True,True,True,True,64,418.8201
gfx950,torch.bfloat16,128,128,64,32,16,25000,5,5000,5000,5000,True,False,True,True,True,True,True,64,407.6560
gfx950,torch.bfloat16,128,128,64,32,16,32753,7,5000,5000,2753,True,False,True,True,True,True,True,64,430.9915
gfx950,torch.bfloat16,128,128,64,32,16,32747,8,2247,5000,500,True,False,True,True,True,True,True,64,433.1083
gfx950,torch.bfloat16,128,128,64,32,16,32740,7,4500,5000,3240,True,False,True,True,True,True,True,64,428.5730
gfx950,torch.bfloat16,128,128,64,32,16,32734,8,1760,5000,974,True,False,True,True,True,True,True,64,430.9507
gfx950,torch.bfloat16,128,128,64,32,16,32727,7,4026,5000,3701,True,False,True,True,True,True,True,64,431.9731
gfx950,torch.bfloat16,128,128,64,32,16,32721,8,1299,5000,1422,True,False,True,True,True,True,True,64,434.6971
gfx950,torch.bfloat16,128,128,64,32,16,32714,7,3578,5000,4136,True,False,True,True,True,True,True,64,430.0819
gfx950,torch.bfloat16,128,128,64,32,16,15864,4,864,5000,5000,True,False,True,True,True,True,True,64,282.0065
gfx950,torch.bfloat16,128,128,64,32,16,15000,15,1000,1000,1000,True,False,True,True,True,True,True,64,193.9717
gfx950,torch.bfloat16,128,128,64,32,16,14000,14,1000,1000,1000,True,False,True,True,True,True,True,64,189.1725
gfx950,torch.bfloat16,128,128,64,32,16,13000,13,1000,1000,1000,True,False,True,True,True,True,True,64,184.7029
gfx950,torch.bfloat16,128,128,64,32,16,19000,19,1000,1000,1000,True,False,True,True,True,True,True,64,263.8102
gfx950,torch.bfloat16,128,128,64,32,16,2000,2,1000,0,1000,True,False,True,True,True,True,True,32,39.3155
gfx950,torch.bfloat16,128,128,64,32,16,27000,27,1000,1000,1000,True,False,True,True,True,True,True,64,354.0122
gfx950,torch.bfloat16,128,128,64,32,16,8000,8,1000,1000,1000,True,False,True,True,True,True,True,64,102.0666
gfx950,torch.bfloat16,128,128,64,32,16,4000,4,1000,1000,1000,True,False,True,True,True,True,True,64,55.0309
gfx950,torch.bfloat16,128,128,64,32,16,18950,2,8950,0,10000,True,False,True,True,True,True,True,32,446.2364
gfx950,torch.bfloat16,128,128,64,32,16,8954,1,8954,0,0,True,False,True,True,True,True,True,16,315.0308
gfx950,torch.bfloat16,128,128,64,32,16,21717,3,1717,10000,10000,True,False,True,True,True,True,True,32,481.3033
gfx950,torch.bfloat16,128,128,64,32,16,11717,2,1717,0,10000,True,False,True,True,True,True,True,16,381.6429
gfx950,torch.bfloat16,128,128,64,32,16,32754,4,8950,10000,3804,True,False,True,True,True,True,True,64,549.6609
gfx950,torch.bfloat16,128,128,64,32,16,32751,4,6196,10000,6555,True,False,True,True,True,True,True,64,546.8777
gfx950,torch.bfloat16,128,128,64,32,16,32748,4,3445,10000,9303,True,False,True,True,True,True,True,64,549.1321
gfx950,torch.bfloat16,128,128,64,32,16,32745,5,697,10000,2048,True,False,True,True,True,True,True,64,549.9017
gfx950,torch.bfloat16,128,128,64,32,16,32741,4,7952,10000,4789,True,False,True,True,True,True,True,64,547.4761
gfx950,torch.bfloat16,128,128,64,32,16,15211,2,5211,0,10000,True,False,True,True,True,True,True,32,420.6673
gfx950,torch.bfloat16,128,128,64,32,16,32755,5,1717,10000,1038,True,False,True,True,True,True,True,64,550.4441
gfx950,torch.bfloat16,128,128,64,32,16,32751,4,8962,10000,3789,True,False,True,True,True,True,True,64,550.6377
gfx950,torch.bfloat16,128,128,64,32,16,32748,4,6211,10000,6537,True,False,True,True,True,True,True,64,546.7713
gfx950,torch.bfloat16,128,128,64,32,16,32745,4,3463,10000,9282,True,False,True,True,True,True,True,64,549.0625
gfx950,torch.bfloat16,128,128,64,32,16,32742,5,718,10000,2024,True,False,True,True,True,True,True,64,550.2745
gfx950,torch.bfloat16,128,128,64,32,16,17976,2,7976,0,10000,True,False,True,True,True,True,True,32,436.6371
gfx950,torch.bfloat16,128,128,64,32,16,32762,4,10000,10000,2762,True,False,True,True,True,True,True,64,549.2281
gfx950,torch.bfloat16,128,128,64,32,16,32759,4,7238,10000,5521,True,False,True,True,True,True,True,64,547.6968
gfx950,torch.bfloat16,128,128,64,32,16,32756,4,4479,10000,8277,True,False,True,True,True,True,True,64,546.8409
gfx950,torch.bfloat16,128,128,64,32,16,32753,5,1723,10000,1030,True,False,True,True,True,True,True,64,550.5321
gfx950,torch.bfloat16,128,128,64,32,16,32749,4,8970,10000,3779,True,False,True,True,True,True,True,64,550.8570
gfx950,torch.bfloat16,128,128,64,32,16,32746,4,6221,10000,6525,True,False,True,True,True,True,True,64,547.1976
gfx950,torch.bfloat16,128,128,64,32,16,32743,4,3475,10000,9268,True,False,True,True,True,True,True,64,548.6512
gfx950,torch.bfloat16,128,128,64,32,16,30732,4,732,10000,10000,True,False,True,True,True,True,True,64,544.8369
gfx950,torch.bfloat16,128,128,64,32,16,32761,4,10000,10000,2761,True,False,True,True,True,True,True,64,549.5521
gfx950,torch.bfloat16,128,128,64,32,16,32758,4,7239,10000,5519,True,False,True,True,True,True,True,64,547.7696
gfx950,torch.bfloat16,128,128,64,32,16,32755,4,4481,10000,8274,True,False,True,True,True,True,True,64,547.5289
gfx950,torch.bfloat16,128,128,64,32,16,32752,5,1726,10000,1026,True,False,True,True,True,True,True,64,550.9777
gfx950,torch.bfloat16,128,128,64,32,16,32748,4,8974,10000,3774,True,False,True,True,True,True,True,64,549.8449
gfx950,torch.bfloat16,128,128,64,32,16,32745,4,6226,10000,6519,True,False,True,True,True,True,True,64,547.5280
gfx950,torch.bfloat16,128,128,64,32,16,32742,4,3481,10000,9261,True,False,True,True,True,True,True,64,549.0881
gfx950,torch.bfloat16,128,128,64,32,16,20739,3,739,10000,10000,True,False,True,True,True,True,True,32,463.4966
gfx950,torch.bfloat16,128,128,64,32,16,32750,5,1735,10000,1015,True,False,True,True,True,True,True,64,551.0961
gfx950,torch.bfloat16,128,128,64,32,16,32748,4,8985,10000,3763,True,False,True,True,True,True,True,64,549.8953
gfx950,torch.bfloat16,128,128,64,32,16,32745,4,6237,10000,6508,True,False,True,True,True,True,True,64,547.1905
gfx950,torch.bfloat16,128,128,64,32,16,13492,2,3492,0,10000,True,False,True,True,True,True,True,16,408.9368
gfx950,torch.bfloat16,128,128,64,32,16,32753,4,8954,10000,3799,True,False,True,True,True,True,True,64,550.2297
gfx950,torch.bfloat16,128,128,64,32,16,32750,4,6201,10000,6549,True,False,True,True,True,True,True,64,546.7008
gfx950,torch.bfloat16,128,128,64,32,16,32747,4,3451,10000,9296,True,False,True,True,True,True,True,64,547.7505
gfx950,torch.bfloat16,128,128,64,32,16,32744,5,704,10000,2040,True,False,True,True,True,True,True,64,549.2457
gfx950,torch.bfloat16,128,128,64,32,16,32740,4,7960,10000,4780,True,False,True,True,True,True,True,64,544.9512
gfx950,torch.bfloat16,128,128,64,32,16,32737,4,5220,10000,7517,True,False,True,True,True,True,True,64,544.7137
gfx950,torch.bfloat16,128,128,64,32,16,32734,5,2483,10000,251,True,False,True,True,True,True,True,64,548.7625
gfx950,torch.bfloat16,128,128,64,32,16,32730,4,9749,10000,2981,True,False,True,True,True,True,True,64,549.5161
gfx950,torch.bfloat16,128,128,64,32,16,32727,4,7019,10000,5708,True,False,True,True,True,True,True,64,546.4936
gfx950,torch.bfloat16,128,128,64,32,16,32724,4,4292,10000,8432,True,False,True,True,True,True,True,64,548.6545
gfx950,torch.bfloat16,128,128,64,32,16,32721,5,1568,10000,1153,True,False,True,True,True,True,True,64,551.3817
gfx950,torch.bfloat16,128,128,64,32,16,32717,4,8847,10000,3870,True,False,True,True,True,True,True,64,549.5968
gfx950,torch.bfloat16,128,128,64,32,16,32714,4,6130,10000,6584,True,False,True,True,True,True,True,64,547.3409
gfx950,torch.bfloat16,128,128,64,32,16,32711,4,3416,10000,9295,True,False,True,True,True,True,True,64,548.2416
gfx950,torch.bfloat16,128,128,64,32,16,30705,4,705,10000,10000,True,False,True,True,True,True,True,64,544.7200
gfx950,torch.bfloat16,128,128,64,32,16,32727,4,7273,10000,5454,True,False,True,True,True,True,True,64,547.1024
gfx950,torch.bfloat16,128,128,64,32,16,32727,4,4546,10000,8181,True,False,True,True,True,True,True,64,546.6664
gfx950,torch.bfloat16,128,128,64,32,16,32728,5,1819,10000,909,True,False,True,True,True,True,True,64,550.9825
gfx950,torch.bfloat16,128,128,64,32,16,32727,4,9091,10000,3636,True,False,True,True,True,True,True,64,548.7777
gfx950,torch.bfloat16,128,128,64,32,16,32727,4,6364,10000,6363,True,False,True,True,True,True,True,64,546.0144
gfx950,torch.bfloat16,128,128,64,32,16,32727,4,3637,10000,9090,True,False,True,True,True,True,True,64,548.0152
gfx950,torch.bfloat16,128,128,64,32,16,32728,5,910,10000,1818,True,False,True,True,True,True,True,64,550.5081
gfx950,torch.bfloat16,128,128,64,32,16,32727,4,8182,10000,4545,True,False,True,True,True,True,True,64,546.0320
gfx950,torch.bfloat16,128,128,64,32,16,32727,4,5455,10000,7272,True,False,True,True,True,True,True,64,546.9328
gfx950,torch.bfloat16,128,128,64,32,16,32727,4,2728,10000,9999,True,False,True,True,True,True,True,64,550.7217
gfx950,torch.bfloat16,128,128,64,32,16,32724,4,7273,10000,5451,True,False,True,True,True,True,True,64,546.6577
gfx950,torch.bfloat16,128,128,64,32,16,32721,4,4549,10000,8172,True,False,True,True,True,True,True,64,549.1057
gfx950,torch.bfloat16,128,128,64,32,16,32718,5,1828,10000,890,True,False,True,True,True,True,True,64,552.1417
gfx950,torch.bfloat16,128,128,64,32,16,32714,4,9110,10000,3604,True,False,True,True,True,True,True,64,549.0992
gfx950,torch.bfloat16,128,128,64,32,16,32711,4,6396,10000,6315,True,False,True,True,True,True,True,64,546.4584
gfx950,torch.bfloat16,128,128,64,32,16,32708,4,3685,10000,9023,True,False,True,True,True,True,True,64,547.7041
gfx950,torch.bfloat16,128,128,64,32,16,977,1,977,0,0,True,False,True,True,True,True,True,16,30.6266
gfx950,torch.bfloat16,128,128,64,32,16,27264,3,7264,10000,10000,True,False,True,True,True,True,True,64,534.9046
gfx950,torch.bfloat16,128,128,64,32,16,32737,4,7264,10000,5473,True,False,True,True,True,True,True,64,545.5440
gfx950,torch.bfloat16,128,128,64,32,16,32737,4,4527,10000,8210,True,False,True,True,True,True,True,64,546.5888
gfx950,torch.bfloat16,128,128,64,32,16,32737,5,1790,10000,947,True,False,True,True,True,True,True,64,549.4793
gfx950,torch.bfloat16,128,128,64,32,16,32737,4,9053,10000,3684,True,False,True,True,True,True,True,64,547.2977
gfx950,torch.bfloat16,128,128,64,32,16,32737,4,6316,10000,6421,True,False,True,True,True,True,True,64,545.6888
gfx950,torch.bfloat16,128,128,64,32,16,32737,4,3579,10000,9158,True,False,True,True,True,True,True,64,548.0240
gfx950,torch.bfloat16,128,128,64,32,16,32737,5,842,10000,1895,True,False,True,True,True,True,True,64,549.8984
gfx950,torch.bfloat16,128,128,64,32,16,32734,4,8105,10000,4629,True,False,True,True,True,True,True,64,546.8616
gfx950,torch.bfloat16,128,128,64,32,16,32731,4,5371,10000,7360,True,False,True,True,True,True,True,64,547.3456
gfx950,torch.bfloat16,128,128,64,32,16,32728,5,2640,10000,88,True,False,True,True,True,True,True,64,551.1001
gfx950,torch.bfloat16,128,128,64,32,16,32724,4,9912,10000,2812,True,False,True,True,True,True,True,64,551.0265
gfx950,torch.bfloat16,128,128,64,32,16,32721,4,7188,10000,5533,True,False,True,True,True,True,True,64,548.0456
gfx950,torch.bfloat16,128,128,64,32,16,32718,4,4467,10000,8251,True,False,True,True,True,True,True,64,548.4184
gfx950,torch.bfloat16,128,128,64,32,16,32715,5,1749,10000,966,True,False,True,True,True,True,True,64,552.4577
gfx950,torch.bfloat16,128,128,64,32,16,32711,4,9034,10000,3677,True,False,True,True,True,True,True,64,548.8616
gfx950,torch.bfloat16,128,128,64,32,16,32708,4,6323,10000,6385,True,False,True,True,True,True,True,64,546.8384
gfx950,torch.bfloat16,128,128,64,32,16,3615,1,3615,0,0,True,False,True,True,True,True,True,16,94.9562
gfx950,torch.bfloat16,128,128,64,32,16,32729,4,10000,10000,2729,True,False,True,True,True,True,True,64,549.7209
gfx950,torch.bfloat16,128,128,64,32,16,7271,1,7271,0,0,True,False,True,True,True,True,True,16,266.8166
gfx950,torch.bfloat16,128,128,64,32,16,32732,4,10000,10000,2732,True,False,True,True,True,True,True,64,549.9841
gfx950,torch.bfloat16,128,128,64,32,16,32732,4,7268,10000,5464,True,False,True,True,True,True,True,64,546.6472
gfx950,torch.bfloat16,128,128,64,32,16,32732,4,4536,10000,8196,True,False,True,True,True,True,True,64,547.9961
gfx950,torch.bfloat16,128,128,64,32,16,32733,5,1804,10000,929,True,False,True,True,True,True,True,64,550.7025
gfx950,torch.bfloat16,128,128,64,32,16,32732,4,9071,10000,3661,True,False,True,True,True,True,True,64,547.7304
gfx950,torch.bfloat16,128,128,64,32,16,32732,4,6339,10000,6393,True,False,True,True,True,True,True,64,545.4192
gfx950,torch.bfloat16,128,128,64,32,16,32732,4,3607,10000,9125,True,False,True,True,True,True,True,64,548.0336
gfx950,torch.bfloat16,128,128,64,32,16,32733,5,875,10000,1858,True,False,True,True,True,True,True,64,550.7385
gfx950,torch.bfloat16,128,128,64,32,16,32732,4,8142,10000,4590,True,False,True,True,True,True,True,64,545.7472
gfx950,torch.bfloat16,128,128,64,32,16,32732,4,5410,10000,7322,True,False,True,True,True,True,True,64,547.6200
gfx950,torch.bfloat16,128,128,64,32,16,32730,5,2678,10000,52,True,False,True,True,True,True,True,64,550.6193
gfx950,torch.bfloat16,128,128,64,32,16,32726,4,9948,10000,2778,True,False,True,True,True,True,True,64,551.6177
gfx950,torch.bfloat16,128,128,64,32,16,32723,4,7222,10000,5501,True,False,True,True,True,True,True,64,548.0480
gfx950,torch.bfloat16,128,128,64,32,16,32720,4,4499,10000,8221,True,False,True,True,True,True,True,64,548.7208
gfx950,torch.bfloat16,128,128,64,32,16,32717,5,1779,10000,938,True,False,True,True,True,True,True,64,552.8481
gfx950,torch.bfloat16,128,128,64,32,16,32713,4,9062,10000,3651,True,False,True,True,True,True,True,64,549.3048
gfx950,torch.bfloat16,128,128,64,32,16,32710,4,6349,10000,6361,True,False,True,True,True,True,True,64,547.3160
gfx950,torch.bfloat16,128,128,64,32,16,23639,3,3639,10000,10000,True,False,True,True,True,True,True,32,516.3724
gfx950,torch.bfloat16,128,128,64,32,16,32721,4,10000,10000,2721,True,False,True,True,True,True,True,64,552.1841
gfx950,torch.bfloat16,128,128,64,32,16,32721,4,7279,10000,5442,True,False,True,True,True,True,True,64,548.6544
gfx950,torch.bfloat16,128,128,64,32,16,32721,4,4558,10000,8163,True,False,True,True,True,True,True,64,549.5665
gfx950,torch.bfloat16,128,128,64,32,16,32722,5,1837,10000,885,True,False,True,True,True,True,True,64,552.0936
gfx950,torch.bfloat16,128,128,64,32,16,32721,4,9115,10000,3606,True,False,True,True,True,True,True,64,549.4344
gfx950,torch.bfloat16,128,128,64,32,16,32721,4,6394,10000,6327,True,False,True,True,True,True,True,64,548.8920
gfx950,torch.bfloat16,128,128,64,32,16,32722,4,3673,10000,9049,True,False,True,True,True,True,True,64,549.4312
gfx950,torch.bfloat16,128,128,64,32,16,32722,5,951,10000,1771,True,False,True,True,True,True,True,64,552.1800
gfx950,torch.bfloat16,128,128,64,32,16,32721,4,8229,10000,4492,True,False,True,True,True,True,True,64,547.1856
gfx950,torch.bfloat16,128,128,64,32,16,32721,4,5508,10000,7213,True,False,True,True,True,True,True,64,548.1384
gfx950,torch.bfloat16,128,128,64,32,16,32722,4,2787,10000,9935,True,False,True,True,True,True,True,64,550.1600
gfx950,torch.bfloat16,128,128,64,32,16,32722,5,65,10000,2657,True,False,True,True,True,True,True,64,552.3232
gfx950,torch.bfloat16,128,128,64,32,16,32721,4,7343,10000,5378,True,False,True,True,True,True,True,64,547.6664
gfx950,torch.bfloat16,128,128,64,32,16,32721,4,4622,10000,8099,True,False,True,True,True,True,True,64,548.4096
gfx950,torch.bfloat16,128,128,64,32,16,32718,5,1901,10000,817,True,False,True,True,True,True,True,64,551.4025
gfx950,torch.bfloat16,128,128,64,32,16,32714,4,9183,10000,3531,True,False,True,True,True,True,True,64,547.8912
gfx950,torch.bfloat16,128,128,64,32,16,32711,4,6469,10000,6242,True,False,True,True,True,True,True,64,546.7160
gfx950,torch.bfloat16,128,128,64,32,16,32708,4,3758,10000,8950,True,False,True,True,True,True,True,64,547.7448
gfx950,torch.bfloat16,128,128,64,32,16,1050,1,1050,0,0,True,False,True,True,True,True,True,16,32.1194
gfx950,torch.bfloat16,128,128,64,32,16,32723,4,10000,10000,2723,True,False,True,True,True,True,True,64,551.0504
gfx950,torch.bfloat16,128,128,64,32,16,32723,4,7277,10000,5446,True,False,True,True,True,True,True,64,547.4720
gfx950,torch.bfloat16,128,128,64,32,16,32724,4,4554,10000,8170,True,False,True,True,True,True,True,64,547.8720
gfx950,torch.bfloat16,128,128,64,32,16,32724,5,1830,10000,894,True,False,True,True,True,True,True,64,550.9984
gfx950,torch.bfloat16,128,128,64,32,16,32723,4,9106,10000,3617,True,False,True,True,True,True,True,64,548.5704
gfx950,torch.bfloat16,128,128,64,32,16,32723,4,6383,10000,6340,True,False,True,True,True,True,True,64,547.6624
gfx950,torch.bfloat16,128,128,64,32,16,32724,4,3660,10000,9064,True,False,True,True,True,True,True,64,548.4200
gfx950,torch.bfloat16,128,128,64,32,16,32724,5,936,10000,1788,True,False,True,True,True,True,True,64,550.9928
gfx950,torch.bfloat16,128,128,64,32,16,32723,4,8212,10000,4511,True,False,True,True,True,True,True,64,547.2328
gfx950,torch.bfloat16,128,128,64,32,16,32724,4,5489,10000,7235,True,False,True,True,True,True,True,64,547.6616
gfx950,torch.bfloat16,128,128,64,32,16,32724,4,2765,10000,9959,True,False,True,True,True,True,True,64,550.4496
gfx950,torch.bfloat16,128,128,64,32,16,32724,5,41,10000,2683,True,False,True,True,True,True,True,64,551.4945
gfx950,torch.bfloat16,128,128,64,32,16,32723,4,7317,10000,5406,True,False,True,True,True,True,True,64,548.4512
gfx950,torch.bfloat16,128,128,64,32,16,32721,4,4594,10000,8127,True,False,True,True,True,True,True,64,548.8096
gfx950,torch.bfloat16,128,128,64,32,16,32718,5,1873,10000,845,True,False,True,True,True,True,True,64,552.1928
gfx950,torch.bfloat16,128,128,64,32,16,32714,4,9155,10000,3559,True,False,True,True,True,True,True,64,548.3640
gfx950,torch.bfloat16,128,128,64,32,16,32711,4,6441,10000,6270,True,False,True,True,True,True,True,64,545.8833
gfx950,torch.bfloat16,128,128,64,32,16,32708,4,3730,10000,8978,True,False,True,True,True,True,True,64,549.1064
gfx950,torch.bfloat16,128,128,64,32,16,1022,1,1022,0,0,True,False,True,True,True,True,True,16,31.0090
gfx950,torch.bfloat16,128,128,64,32,16,32726,4,10000,10000,2726,True,False,True,True,True,True,True,64,551.3544
gfx950,torch.bfloat16,128,128,64,32,16,32727,4,7274,10000,5453,True,False,True,True,True,True,True,64,546.6208
gfx950,torch.bfloat16,128,128,64,32,16,32727,4,4547,10000,8180,True,False,True,True,True,True,True,64,546.9784
gfx950,torch.bfloat16,128,128,64,32,16,32727,5,1820,10000,907,True,False,True,True,True,True,True,64,551.2353
gfx950,torch.bfloat16,128,128,64,32,16,32726,4,9093,10000,3633,True,False,True,True,True,True,True,64,549.2368
gfx950,torch.bfloat16,128,128,64,32,16,32727,4,6367,10000,6360,True,False,True,True,True,True,True,64,546.4296
gfx950,torch.bfloat16,128,128,64,32,16,32727,4,3640,10000,9087,True,False,True,True,True,True,True,64,548.3784
gfx950,torch.bfloat16,128,128,64,32,16,32727,5,913,10000,1814,True,False,True,True,True,True,True,64,551.3865
gfx950,torch.bfloat16,128,128,64,32,16,32727,4,8186,10000,4541,True,False,True,True,True,True,True,64,546.1528
gfx950,torch.bfloat16,128,128,64,32,16,32727,4,5459,10000,7268,True,False,True,True,True,True,True,64,547.3088
gfx950,torch.bfloat16,128,128,64,32,16,32727,4,2732,10000,9995,True,False,True,True,True,True,True,64,550.8000
gfx950,torch.bfloat16,128,128,64,32,16,32727,5,5,10000,2722,True,False,True,True,True,True,True,64,550.8929
gfx950,torch.bfloat16,128,128,64,32,16,32724,4,7278,10000,5446,True,False,True,True,True,True,True,64,547.9392
gfx950,torch.bfloat16,128,128,64,32,16,32721,4,4554,10000,8167,True,False,True,True,True,True,True,64,548.9376
gfx950,torch.bfloat16,128,128,64,32,16,32718,5,1833,10000,885,True,False,True,True,True,True,True,64,552.3153
gfx950,torch.bfloat16,128,128,64,32,16,32714,4,9115,10000,3599,True,False,True,True,True,True,True,64,549.5056
gfx950,torch.bfloat16,128,128,64,32,16,32711,4,6401,10000,6310,True,False,True,True,True,True,True,64,547.0008
gfx950,torch.bfloat16,128,128,64,32,16,32708,4,3690,10000,9018,True,False,True,True,True,True,True,64,548.5201
gfx950,torch.bfloat16,128,128,64,32,16,982,1,982,0,0,True,False,True,True,True,True,True,16,30.8361
gfx950,torch.bfloat16,128,128,64,32,16,32730,4,10000,10000,2730,True,False,True,True,True,True,True,64,550.3336
gfx950,torch.bfloat16,128,128,64,32,16,32730,4,7270,10000,5460,True,False,True,True,True,True,True,64,547.4536
gfx950,torch.bfloat16,128,128,64,32,16,32730,4,4540,10000,8190,True,False,True,True,True,True,True,64,546.6952
gfx950,torch.bfloat16,128,128,64,32,16,32730,5,1810,10000,920,True,False,True,True,True,True,True,64,550.3176
gfx950,torch.bfloat16,128,128,64,32,16,32730,4,9080,10000,3650,True,False,True,True,True,True,True,64,549.1480
gfx950,torch.bfloat16,128,128,64,32,16,32730,4,6350,10000,6380,True,False,True,True,True,True,True,64,545.9928
gfx950,torch.bfloat16,128,128,64,32,16,32730,4,3620,10000,9110,True,False,True,True,True,True,True,64,548.3528
gfx950,torch.bfloat16,128,128,64,32,16,32731,5,890,10000,1841,True,False,True,True,True,True,True,64,550.5681
gfx950,torch.bfloat16,128,128,64,32,16,32730,4,8159,10000,4571,True,False,True,True,True,True,True,64,546.8599
gfx950,torch.bfloat16,128,128,64,32,16,32730,4,5429,10000,7301,True,False,True,True,True,True,True,64,548.0040
gfx950,torch.bfloat16,128,128,64,32,16,32730,5,2699,10000,31,True,False,True,True,True,True,True,64,550.8336
gfx950,torch.bfloat16,128,128,64,32,16,32727,4,9969,10000,2758,True,False,True,True,True,True,True,64,551.9121
gfx950,torch.bfloat16,128,128,64,32,16,32724,4,7242,10000,5482,True,False,True,True,True,True,True,64,548.5800
gfx950,torch.bfloat16,128,128,64,32,16,32721,4,4518,10000,8203,True,False,True,True,True,True,True,64,549.3744
gfx950,torch.bfloat16,128,128,64,32,16,32718,5,1797,10000,921,True,False,True,True,True,True,True,64,553.3241
gfx950,torch.bfloat16,128,128,64,32,16,32714,4,9079,10000,3635,True,False,True,True,True,True,True,64,549.1320
gfx950,torch.bfloat16,128,128,64,32,16,32711,4,6365,10000,6346,True,False,True,True,True,True,True,64,547.6327
gfx950,torch.bfloat16,128,128,64,32,16,32708,4,3654,10000,9054,True,False,True,True,True,True,True,64,549.2896
gfx950,torch.bfloat16,128,128,64,32,16,946,1,946,0,0,True,False,True,True,True,True,True,16,29.0930
